{"sections":{"rich_text_m7PD7V":{"type":"rich-text","blocks":{"heading_tB67gg":{"type":"heading","settings":{"title":"","use_h1":false}}},"block_order":["heading_tB67gg"],"name":"Rich text","settings":{"height":"medium","text_alignment":"center","full_width":false,"color_scheme":"default"}},"main":{"type":"main-article","settings":{"show_date":true,"show_author":true,"show_article_tags":true,"show_sharing_icons":true,"show_twitter":false,"show_facebook":true,"show_pinterest":true,"show_featured_image":true,"full_width_image":false,"featured_image_height":"natural","enable_title_overlay":true,"overlay_style":"shadow"}}},"order":["rich_text_m7PD7V","main"]}