{"sections":{"main":{"type":"main-cart","settings":{"show_page_title":true,"show_backorder_text":false,"show_inventory_notice":"low","show_inventory_count":"low","inventory_threshold":10,"show_order_note":true,"show_tax_and_shipping":true,"show_additional_checkout_buttons":true,"cart_terms_page":"","show_continue_shopping":true,"continue_shopping_url":"","empty_icon":"basket","empty_heading":"Your cart is empty","empty_text":"","empty_button_text":"Start shopping","empty_button_link":"shopify:\/\/collections\/all","empty_button_style":"primary","show_shipping_calculator":false,"shipping_calculator_default_country":"United States"}},"1746970648c2f432cb":{"type":"apps","blocks":{"essential_upsell_app_block_Q3LWay":{"type":"shopify:\/\/apps\/essential-upsell\/blocks\/app-block\/50627fd9-24fd-4250-8614-accc12826d80","settings":{}}},"block_order":["essential_upsell_app_block_Q3LWay"],"settings":{"full_width":false,"show_space":true}}},"order":["main","1746970648c2f432cb"]}