{"sections":{"main":{"type":"main-collection","custom_css":[],"settings":{"show_title":true,"show_image_behind_heading":false,"heading_image_height":"small","overlay_style":"shadow","coll_desc_pos":"below","coll_num_per_page_int":48,"grid":4,"show_vendor":true,"show_total":true,"enable_filtering":true,"collapse_tag_sidebar_by_default":true,"collapse_filters_method":"over-12","show_filter_counts":false,"filter_two_columns":false,"button_grid_filter_name":"Size,Taille,Größe","auto_apply_hide_unavailable":true,"enable_sticky_filter":true,"show_sort":true,"sort_show_featured":true,"sort_show_best":true,"sort_show_alpha":true,"sort_show_price":true,"sort_show_date":true,"related_collections":"{{ collection.metafields.custom.subcollections.value }}","related_collections_style":"gallery","rel_coll_gall_aspect_ratio":"1","image_position":"center center","rel_coll_gall_enable_margin":true,"rel_coll_gall_full_width":true,"rel_coll_gall_overlay_style":"shadow","rel_coll_gall_text_alignment":"center center","rel_coll_grid_mobile":"2"}},"175477395680fc53e1":{"type":"apps","blocks":{"forms_inline_XzfbC4":{"type":"shopify:\/\/apps\/forms\/blocks\/inline\/8744a304-fcb1-4347-b211-bb6b4759a76a","settings":{"form_id":"601857","text_color":"#202020","button_background_color":"#202020","button_label_color":"#FFFFFF","links_color":"#1878B9","errors_color":"#E02229","text_alignment":"center","form_alignment":"center","padding_top":0,"padding_bottom":24,"padding_right":0,"padding_left":0}}},"block_order":["forms_inline_XzfbC4"],"settings":{"full_width":false,"show_space":true}}},"order":["175477395680fc53e1","main"]}