{"sections":{"main":{"type":"main-page","settings":{"show_page_title":true,"full_width":false}},"rich_text_xAHPHm":{"type":"rich-text","blocks":{"text_3qTr9H":{"type":"text","settings":{"text":"<p>Robin Kegel’s overall fin and surfing philosophy is rooted in the conviction that surfboards and their fins must operate as a seamlessly integrated system, not as separate components. Deeply influenced by innovators like George Greenough, Robin values the interplay of board outline, rail shape, and fin flex, believing that true surf performance is achieved when all these elements harmonize to enhance speed, flow, and a dynamic connection to the wave. He deliberately moves away from fins as nostalgic accessories or mere pivots, instead seeking to maximize the board’s potential for fluid rail engagement, lively feedback underfoot, and expressive, modern surfing that still respects traditional roots.<\/p><p>In his fin design, Robin applies this philosophy by engineering each Gato Heroi fin with precise flex characteristics, foil profiles, and shape, specifically tailored to unlock the intended performance of its matching board model. Rather than defaulting to stiff or purely retro templates, he experiments with variable flex zones and progressive foiling, so fins can store and release energy through turns, making boards feel quicker, more responsive, and suited to both classic noseriding and new-school maneuvers. This approach means Gato Heroi boards, when matched to Robin’s carefully designed fins, offer a uniquely lively, rail driven ride that rewards committed surfers with both traditional glide and modern maneuverability.<\/p>","enlarge_text":true}}},"block_order":["text_3qTr9H"],"name":"Introduction","settings":{"height":"medium","text_alignment":"left","full_width":true,"color_scheme":"default"}},"custom_liquid_KkFz8q":{"type":"custom-liquid","name":"Custom Liquid","settings":{"full_width":true,"show_space":true,"code":"<h2>Gato Heroi Fins: Buyer’s Guide, Board Pairings & Technical Details<\/h2>\n\n<!-- Table of Contents with spacing, now including L Fin -->\n<p><a href=\"#gato-heroi-c-fin\"><b>Gato Heroi C Fin<\/b><\/a><\/p>\n<p><a href=\"#gato-heroi-t-fin\"><b>Gato Heroi T Fin<\/b><\/a><\/p>\n<p><a href=\"#gato-heroi-b-fin\"><b>Gato Heroi B Fin<\/b><\/a><\/p>\n<p><a href=\"#gato-heroi-d-fin\"><b>Gato Heroi D Fin<\/b><\/a><\/p>\n<p><a href=\"#gato-heroi-op-fin\"><b>Gato Heroi OP Fin<\/b><\/a><\/p>\n<p><a href=\"#gato-heroi-p-fin\"><b>Gato Heroi P Fin<\/b><\/a><\/p>\n<p><a href=\"#gato-heroi-f-fin\"><b>Gato Heroi F Fin<\/b><\/a><\/p>\n<p><a href=\"#gato-heroi-l-fin\"><b>Gato Heroi L Fin<\/b><\/a><\/p>\n<p><a href=\"#gato-heroi-killer-fin\"><b>Gato Heroi Killer Fin<\/b><\/a><\/p>\n<p><a href=\"#gato-heroi-rk-fin\"><b>Gato Heroi RK Fin<\/b><\/a><\/p>\n\n{%- assign fin_c = all_products['gato-heroi-c-fin'] -%}\n<h3 id=\"gato-heroi-c-fin\"><b>Gato Heroi C Fin<\/b> Flexible Single Fin for Performance Longboards and Midlengths<\/h3>\n<div style=\"display:flex;align-items:center;\">\n  <div>\n    <img src=\"{{ fin_c.featured_image | img_url: 'medium' }}\" alt=\"{{ fin_c.title }}\" style=\"max-width:150px;margin-right:20px;\">\n  <\/div>\n  <div>\n    <p><b>Recommended Boards:<\/b> Smooth Operator, Dagger, Death Dagger, Double Dagger, Roach, Play Pig, select high-performance midlengths<\/p>\n    <p><b>Surfing Feel:<\/b> Speed, projection, energetic rail engagement. Brings logs and midlengths to life with dynamic carving and fast direction changes.<\/p>\n    <p><b>Flex:<\/b> Progressive, tip loads and releases through turns.<\/p>\n    <p><b>Rake:<\/b> Moderate (tip sits about 4.5 to 5 inches behind base).<\/p>\n    <p><b>Specs:<\/b> Height 9.5 to 10 in, base 5.9 to 6.1 in, 10 to 11 mm thick at base tapering to 4 to 6 mm at tip.<\/p>\n    <p>\n      <a href=\"{{ fin_c.url }}\" style=\"font-size:1.2em;text-decoration:underline;\"><b>Buy Gato Heroi C Fin<\/b><\/a>\n    <\/p>\n  <\/div>\n<\/div>\n\n{%- assign fin_t = all_products['gato-heroi-t-fin'] -%}\n<h3 id=\"gato-heroi-t-fin\"><b>Gato Heroi T Fin<\/b> High-Speed Flex Fin for Hulls and Pocket Surfing<\/h3>\n<div style=\"display:flex;align-items:center;\">\n  <div>\n    <img src=\"{{ fin_t.featured_image | img_url: 'medium' }}\" alt=\"{{ fin_t.title }}\" style=\"max-width:150px;margin-right:20px;\">\n  <\/div>\n  <div>\n    <p><b>Recommended Boards:<\/b> Playboy, Roach, Space Roach, Acid (Speed Acid, Drop, Egg, 2020), Surfar, Space Pig, Space Pig PG, Falcon (smaller)<\/p>\n    <p><b>Surfing Feel:<\/b> Hull-like glide and trim, rapid transitions, ideal for high-speed and pocket-oriented midlength surfing.<\/p>\n    <p><b>Flex:<\/b> Strong in upper half, springs energy through wraps and cutbacks.<\/p>\n    <p><b>Rake:<\/b> High (tip extends 6 plus inches behind base).<\/p>\n    <p><b>Specs:<\/b> Height 9.5 to 9.75 in, base 6.2 to 6.5 in, 13 mm at base down to 5 mm tip.<\/p>\n    <p>\n      <a href=\"{{ fin_t.url }}\" style=\"font-size:1.2em;text-decoration:underline;\"><b>Buy Gato Heroi T Fin<\/b><\/a>\n    <\/p>\n  <\/div>\n<\/div>\n\n{%- assign fin_b = all_products['gato-heroi-b-fin'] -%}\n<h3 id=\"gato-heroi-b-fin\"><b>Gato Heroi B Fin<\/b> Upright Pivot Fin for Classic Logs and Noseriders<\/h3>\n<div style=\"display:flex;align-items:center;\">\n  <div>\n    <img src=\"{{ fin_b.featured_image | img_url: 'medium' }}\" alt=\"{{ fin_b.title }}\" style=\"max-width:150px;margin-right:20px;\">\n  <\/div>\n  <div>\n    <p><b>Recommended Boards:<\/b> Californian, Playdate, Fat Cat, Creme logs, any classic wide-tail log<\/p>\n    <p><b>Surfing Feel:<\/b> Maximum noseride lift, smooth pivots, stable and forgiving feel.<\/p>\n    <p><b>Flex:<\/b> Low, stiff for control and stability.<\/p>\n    <p><b>Rake:<\/b> Low (tip set about 3 in behind base).<\/p>\n    <p><b>Specs:<\/b> Height 9.5 to 10 in, base 6.6 to 6.8 in, 14 mm base to 7 mm tip.<\/p>\n    <p>\n      <a href=\"{{ fin_b.url }}\" style=\"font-size:1.2em;text-decoration:underline;\"><b>Buy Gato Heroi B Fin<\/b><\/a>\n    <\/p>\n  <\/div>\n<\/div>\n\n{%- assign fin_d = all_products['gato-heroi-d-fin'] -%}\n<h3 id=\"gato-heroi-d-fin\"><b>Gato Heroi D Fin<\/b> Classic D-Style Pivot for Vintage Log Surfing<\/h3>\n<div style=\"display:flex;align-items:center;\">\n  <div>\n    <img src=\"{{ fin_d.featured_image | img_url: 'medium' }}\" alt=\"{{ fin_d.title }}\" style=\"max-width:150px;margin-right:20px;\">\n  <\/div>\n  <div>\n    <p><b>Recommended Boards:<\/b> Operator, Play Pig, Fleur (traditional builds)<\/p>\n    <p><b>Surfing Feel:<\/b> Pure pivot and heavy tip lift, anchors tail for vintage noseriding and slowed-down style.<\/p>\n    <p><b>Flex:<\/b> Minimal, extremely stiff.<\/p>\n    <p><b>Rake:<\/b> Zero (tip sits directly above base).<\/p>\n    <p><b>Specs:<\/b> Height 9.5 to 10.25 in, base 7.2 to 7.5 in, 15 mm base to 8 mm tip.<\/p>\n    <p>\n      <a href=\"{{ fin_d.url }}\" style=\"font-size:1.2em;text-decoration:underline;\"><b>Buy Gato Heroi D Fin<\/b><\/a>\n    <\/p>\n  <\/div>\n<\/div>\n\n{%- assign fin_op = all_products['gato-heroi-op-fin'] -%}\n<h3 id=\"gato-heroi-op-fin\"><b>Gato Heroi OP Fin<\/b> Squaretail Upright Fin for Speed and Drop-Knee Turns<\/h3>\n<div style=\"display:flex;align-items:center;\">\n  <div>\n    <img src=\"{{ fin_op.featured_image | img_url: 'medium' }}\" alt=\"{{ fin_op.title }}\" style=\"max-width:150px;margin-right:20px;\">\n  <\/div>\n  <div>\n    <p><b>Recommended Boards:<\/b> Killer, Chop Op, squaretail Operator variants<\/p>\n    <p><b>Surfing Feel:<\/b> Upright for fast release from the tail, snappy drop-knee-style turns, classic speed.<\/p>\n    <p><b>Flex:<\/b> Moderate, controlled and lively.<\/p>\n    <p><b>Rake:<\/b> Low to moderate.<\/p>\n    <p><b>Specs:<\/b> Height 9.5 to 10 in, base 6.3 in, 12 to 13 mm base, 6 mm tip.<\/p>\n    <p>\n      <a href=\"{{ fin_op.url }}\" style=\"font-size:1.2em;text-decoration:underline;\"><b>Buy Gato Heroi OP Fin<\/b><\/a>\n    <\/p>\n  <\/div>\n<\/div>\n\n{%- assign fin_p = all_products['gato-heroi-p-fin'] -%}\n<h3 id=\"gato-heroi-p-fin\"><b>Gato Heroi P Fin<\/b> Maximum Hold Fin for Power and Big Boards<\/h3>\n<div style=\"display:flex;align-items:center;\">\n  <div>\n    <img src=\"{{ fin_p.featured_image | img_url: 'medium' }}\" alt=\"{{ fin_p.title }}\" style=\"max-width:150px;margin-right:20px;\">\n  <\/div>\n  <div>\n    <p><b>Recommended Boards:<\/b> Double Dagger, Surfar (when max hold is needed), select custom hulls<\/p>\n    <p><b>Surfing Feel:<\/b> Deep hold and drive, powerful control for big boards and challenging surf.<\/p>\n    <p><b>Flex:<\/b> Low, very stiff.<\/p>\n    <p><b>Rake:<\/b> Low to moderate.<\/p>\n    <p><b>Specs:<\/b> Height 10.25 in, base 7 in, 14 mm at base, 7 mm tip.<\/p>\n    <p>\n      <a href=\"{{ fin_p.url }}\" style=\"font-size:1.2em;text-decoration:underline;\"><b>Buy Gato Heroi P Fin<\/b><\/a>\n    <\/p>\n  <\/div>\n<\/div>\n\n{%- assign fin_f = all_products['gato-heroi-f-fin'] -%}\n<h3 id=\"gato-heroi-f-fin\"><b>Gato Heroi F Fin<\/b> Loose-Drive Raked Fin for Modern Pigs and Classic Progression<\/h3>\n<div style=\"display:flex;align-items:center;\">\n  <div>\n    <img src=\"{{ fin_f.featured_image | img_url: 'medium' }}\" alt=\"{{ fin_f.title }}\" style=\"max-width:150px;margin-right:20px;\">\n  <\/div>\n  <div>\n    <p><b>Recommended Boards:<\/b> Fleur, Play Pig (modern setups)<\/p>\n    <p><b>Surfing Feel:<\/b> Balanced looseness with drive, allows modern turning while maintaining classic stability and trim.<\/p>\n    <p><b>Flex:<\/b> Progressive, smooth flex through tip.<\/p>\n    <p><b>Rake:<\/b> Moderate (tip about 5 in behind base).<\/p>\n    <p><b>Specs:<\/b> Height 9.5 to 10 in, base 6.5 in, 12 mm base, 6 mm tip.<\/p>\n    <p>\n      <a href=\"{{ fin_f.url }}\" style=\"font-size:1.2em;text-decoration:underline;\"><b>Buy Gato Heroi F Fin<\/b><\/a>\n    <\/p>\n  <\/div>\n<\/div>\n\n{%- assign fin_l = all_products['gato-heroi-l-fin'] -%}\n<h3 id=\"gato-heroi-l-fin\"><b>Gato Heroi L Fin<\/b> Versatile Log Fin for Balanced Maneuverability and Classic Stability<\/h3>\n<div style=\"display:flex;align-items:center;\">\n  <div>\n    <img src=\"{{ fin_l.featured_image | img_url: 'medium' }}\" alt=\"{{ fin_l.title }}\" style=\"max-width:150px;margin-right:20px;\">\n  <\/div>\n  <div>\n    <p><b>Recommended Boards:<\/b> Classic and modern Gato Heroi logs, Playdate, Fat Cat, Fleur, custom wide-tailed noseriders<\/p>\n    <p><b>Surfing Feel:<\/b> Well-balanced blend of noseride lift and flowing rail-to-rail transitions. Gives confident tip time with enough release for smooth turns and responsive trimming.<\/p>\n    <p><b>Flex:<\/b> Moderate, with a stiffer base and a touch of tip flex for both stability and lively feel.<\/p>\n    <p><b>Rake:<\/b> Moderate, providing a sweet spot between pivot and drawn-out turns.<\/p>\n    <p><b>Specs:<\/b> Height 9.5 to 10 in, base 6.5 to 6.8 in, 12 to 13 mm thick at base tapering to 6 mm at tip.<\/p>\n    <p>\n      <a href=\"{{ fin_l.url }}\" style=\"font-size:1.2em;text-decoration:underline;\"><b>Buy Gato Heroi L Fin<\/b><\/a>\n    <\/p>\n  <\/div>\n<\/div>\n\n{%- assign fin_killer = all_products['gato-heroi-killer-fin'] -%}\n<h3 id=\"gato-heroi-killer-fin\"><b>Gato Heroi Killer Fin<\/b> Upright Squaretail Fin for Speed and Drop-Knee Precision<\/h3>\n<div style=\"display:flex;align-items:center;\">\n  <div>\n    <img src=\"{{ fin_killer.featured_image | img_url: 'medium' }}\" alt=\"{{ fin_killer.title }}\" style=\"max-width:150px;margin-right:20px;\">\n  <\/div>\n  <div>\n    <p><b>Recommended Boards:<\/b> Killer, Chop Op, squaretail Operator<\/p>\n    <p><b>Surfing Feel:<\/b> Extremely upright for crisp tail release, fast transitions, and powerful drop-knee pivots.<\/p>\n    <p><b>Flex:<\/b> Moderate, controlled yet lively.<\/p>\n    <p><b>Rake:<\/b> Low to moderate.<\/p>\n    <p><b>Specs:<\/b> Height 9.5 to 10 in, base 6.3 in, 12 to 13 mm base, 6 mm tip.<\/p>\n    <p>\n      <a href=\"{{ fin_killer.url }}\" style=\"font-size:1.2em;text-decoration:underline;\"><b>Buy Gato Heroi Killer Fin<\/b><\/a>\n    <\/p>\n  <\/div>\n<\/div>\n\n{%- assign fin_rk = all_products['gato-heroi-rk-fin'] -%}\n<h3 id=\"gato-heroi-rk-fin\"><b>Gato Heroi RK Fin<\/b> Robin Kegel’s Signature Fin for Progressive Single-Fin Surfing<\/h3>\n<div style=\"display:flex;align-items:center;\">\n  <div>\n    <img src=\"{{ fin_rk.featured_image | img_url: 'medium' }}\" alt=\"{{ fin_rk.title }}\" style=\"max-width:150px;margin-right:20px;\">\n  <\/div>\n  <div>\n    <p><b>Recommended Boards:<\/b> RK signature series, limited Gato Heroi logs and hulls, Smooth Operator, high-performance customs<\/p>\n    <p><b>Surfing Feel:<\/b> Powerful but responsive, quick pivots, crisp transitions, and advanced rail surfing.<\/p>\n    <p><b>Flex:<\/b> Moderate to strong in tip, snappy, and dynamic.<\/p>\n    <p><b>Rake:<\/b> Moderate (tip just behind base).<\/p>\n    <p><b>Specs:<\/b> Height 9.75 to 10 in, base 6.0 to 6.25 in, 12 mm base to 5 mm tip.<\/p>\n    <p>\n      <a href=\"{{ fin_rk.url }}\" style=\"font-size:1.2em;text-decoration:underline;\"><b>Buy Gato Heroi RK Fin<\/b><\/a>\n    <\/p>\n  <\/div>\n<\/div>"}}},"order":["main","rich_text_xAHPHm","custom_liquid_KkFz8q"]}