{"sections":{"main":{"type":"main-page","settings":{"show_page_title":true,"full_width":false}},"collection_list_KeqzrF":{"type":"collection-list","blocks":{"collection_k6RURV":{"type":"collection","settings":{"collection":"fins","subheading":"","button_label":""}},"collection_tcQa3h":{"type":"collection","settings":{"collection":"surfboard-bags","subheading":"","button_label":""}},"collection_UxdjnX":{"type":"collection","settings":{"collection":"sun-skincare","subheading":"","button_label":""}},"collection_Uw3p33":{"type":"collection","settings":{"collection":"leashes-and-traction-grips","subheading":"","button_label":""}}},"block_order":["collection_k6RURV","collection_tcQa3h","collection_UxdjnX","collection_Uw3p33"],"settings":{"title":"SURF","enable_carousel":true,"grid":4,"color_scheme":"default","full_width":true,"coll_grid_image_shape":"square","coll_grid_image_position":"center center","coll_thumb_mob_per_row":"2","coll_grid_show_count":true,"coll_text_position":"below","coll_text_position_under_mobile":false,"coll_thumb_text_align_x":"center","coll_thumb_text_align_y":"center","coll_button_style":"primary"}},"collection_list_Mrt3rz":{"type":"collection-list","blocks":{"collection_we7fM6":{"type":"collection","settings":{"collection":"helmets","subheading":"","button_label":""}},"collection_NJJyEE":{"type":"collection","settings":{"collection":"mx-jerseys","subheading":"","button_label":""}}},"block_order":["collection_we7fM6","collection_NJJyEE"],"settings":{"title":"Motorsport","enable_carousel":true,"grid":4,"color_scheme":"default","full_width":true,"coll_grid_image_shape":"square","coll_grid_image_position":"center center","coll_thumb_mob_per_row":"2","coll_grid_show_count":true,"coll_text_position":"below","coll_text_position_under_mobile":false,"coll_thumb_text_align_x":"center","coll_thumb_text_align_y":"center","coll_button_style":"primary"}}},"order":["main","collection_list_KeqzrF","collection_list_Mrt3rz"]}