{"sections":{"main":{"type":"main-page","custom_css":[],"settings":{"show_page_title":true,"full_width":true}},"collection_list_BfxKfe":{"type":"collection-list","blocks":{"collection_j3JCcj":{"type":"collection","settings":{"collection":"goggles","subheading":"","button_label":""}},"collection_KDdUcW":{"type":"collection","settings":{"collection":"gloves","image":"shopify:\/\/shop_images\/biltwell-work-gloves-2811589.png","subheading":"","button_label":""}},"collection_GJeVRj":{"type":"collection","settings":{"collection":"crap-eyewear-1","image":"shopify:\/\/shop_images\/Crap_Eyewear-The_Anti_Matter-Crystal_Sage_Green_Bioacetate_Chunky_Classic_Sunglasses-Dune_Gradient_Brown_Lens-front2_2048x_9cc8bf83-977c-460a-8400-362f8fe7a740.webp","subheading":"","button_label":""}},"collection_4a8pwn":{"type":"collection","settings":{"collection":"true-ames-fins-sale","subheading":"","button_label":""}},"collection_MyH9pD":{"type":"collection","settings":{"collection":"mafia-bags","image":"shopify:\/\/shop_images\/MAFIA_Sunny_Pocket_Multicolor_22Front_Pemulis_6cd8af0f-61ef-418c-8a74-f4f9202be47b.svg","subheading":"","button_label":""}},"collection_RDQTG3":{"type":"collection","settings":{"collection":"el-solitario-sale","image":"shopify:\/\/shop_images\/el-solitario-racing-type-1-white-mx-jersey-el-solitario-riding-gear-pemulis-water-power-2.webp","subheading":"","button_label":""}},"collection_gV9Rjk":{"type":"collection","settings":{"collection":"deux-ex-machina","subheading":"","button_label":""}}},"block_order":["collection_j3JCcj","collection_KDdUcW","collection_GJeVRj","collection_4a8pwn","collection_MyH9pD","collection_RDQTG3","collection_gV9Rjk"],"name":"Collection list","settings":{"title":"","enable_carousel":false,"grid":2,"color_scheme":"default","full_width":true,"coll_grid_image_shape":"landscape-54","coll_grid_image_position":"center center","coll_thumb_mob_per_row":"2","coll_grid_show_count":false,"coll_text_position":"below","coll_text_position_under_mobile":false,"coll_thumb_text_align_x":"center","coll_thumb_text_align_y":"center","coll_button_style":"primary"}}},"order":["main","collection_list_BfxKfe"]}