{"sections":{"main":{"type":"main-page","settings":{"show_page_title":true,"full_width":false}},"rich_text_JjdkQi":{"type":"rich-text","blocks":{"heading_jTtpnQ":{"type":"heading","settings":{"title":"Rich text","use_h1":false}},"text_xXfhEJ":{"type":"text","settings":{"text":"<p>Use this text to share information about your store with your customers. Describe products, share announcements, or welcome customers to your store.<\/p>","enlarge_text":true}}},"block_order":["heading_jTtpnQ","text_xXfhEJ"],"settings":{"height":"medium","text_alignment":"center","full_width":false,"color_scheme":"default"}},"gallery_GTXrMB":{"type":"gallery","blocks":{"media_GDz8Gq":{"type":"media","settings":{"enlarge_media":true,"subheading":"Gallery","title":"Tell your story","button_label":"","link":"","text_alignment":"bottom left"}},"media_nkTVNp":{"type":"media","settings":{"enlarge_media":false,"subheading":"Gallery","title":"Tell your story","button_label":"","link":"","text_alignment":"bottom left"}},"media_H7yzmP":{"type":"media","settings":{"enlarge_media":false,"subheading":"Gallery","title":"Tell your story","button_label":"","link":"","text_alignment":"bottom left"}},"media_pHVDEY":{"type":"media","settings":{"enlarge_media":true,"subheading":"Gallery","title":"Tell your story","button_label":"","link":"","text_alignment":"bottom left"}}},"block_order":["media_GDz8Gq","media_nkTVNp","media_H7yzmP","media_pHVDEY"],"settings":{"grid_desktop":2,"grid_mobile":"1","height":"fixed","desktop_image_height":460,"mobile_image_height":400,"title_size":30,"title_size_mobile":22,"enable_margin":true,"enable_row_spacing":true,"full_width":false,"color_scheme":"default","enable_carousel":true,"overlay_style":"full","button_style":"primary"}}},"order":["main","rich_text_JjdkQi","gallery_GTXrMB"]}