{"sections":{"custom_content_izaCAF":{"type":"custom-content","blocks":{"text_34jqmf":{"type":"text","settings":{"width":"half","subheading":"","title":"Pemulis San Francisco","text":"<h3>STORE HOURS<\/h3><p>Monday: 1pm to 6:00pm<\/p><p>Tuesday: 1pm to 6:00pm<\/p><p>Wednesday: 1pm to 6:00pm<\/p><p>Thursday: 1pm to 6:00pm<\/p><p>Friday: 1pm to 6:00pm<\/p><p>Saturday: 11am to 4:00pm<\/p><p>Sunday: 11am to 4:00pm<\/p><p><\/p><p><a href=\"https:\/\/www.google.ca\/maps\/place\/Pemulis+Water+%26+Power\/@37.7604618,-122.5093984,17.32z\/data=!4m6!3m5!1s0x808587863426154f:0x245c136119189741!8m2!3d37.760235!4d-122.5056757!16s%2Fg%2F11vdqq8gfr?entry=ttu&g_ep=EgoyMDI1MDQwMi4xIKXMDSoJLDEwMjExNDUzSAFQAw%3D%3D\" target=\"_blank\" title=\"https:\/\/www.google.ca\/maps\/place\/Pemulis+Water+%26+Power\/@37.7604618,-122.5093984,17.32z\/data=!4m6!3m5!1s0x808587863426154f:0x245c136119189741!8m2!3d37.760235!4d-122.5056757!16s%2Fg%2F11vdqq8gfr?entry=ttu&g_ep=EgoyMDI1MDQwMi4xIKXMDSoJLDEwMjExNDUzSAFQAw%3D%3D\"><strong>4051 Judah Street<\/strong><\/a><\/p><p><a href=\"https:\/\/www.google.ca\/maps\/place\/Pemulis+Water+%26+Power\/@37.7604618,-122.5093984,17.32z\/data=!4m6!3m5!1s0x808587863426154f:0x245c136119189741!8m2!3d37.760235!4d-122.5056757!16s%2Fg%2F11vdqq8gfr?entry=ttu&g_ep=EgoyMDI1MDQwMi4xIKXMDSoJLDEwMjExNDUzSAFQAw%3D%3D\" target=\"_blank\" title=\"https:\/\/www.google.ca\/maps\/place\/Pemulis+Water+%26+Power\/@37.7604618,-122.5093984,17.32z\/data=!4m6!3m5!1s0x808587863426154f:0x245c136119189741!8m2!3d37.760235!4d-122.5056757!16s%2Fg%2F11vdqq8gfr?entry=ttu&g_ep=EgoyMDI1MDQwMi4xIKXMDSoJLDEwMjExNDUzSAFQAw%3D%3D\"><strong>San Francisco, CA 94122<\/strong><\/a><\/p><p><\/p><p>(510) 221-6855<\/p><p>info @pemulis.cool<\/p>","button_label":"","button_link":"","button_style":"primary","text_alignment":"center"}},"image_qKH4JT":{"type":"image","settings":{"width":"half","image":"shopify:\/\/shop_images\/pemulis_store_outside_facade.jpg","height":"fixed","height_desktop":640,"height_mobile":500,"subheading":"","title":"","text":"","enlarge_text":false,"button_label":"","button_style":"primary","image_link":"","text_alignment":"center center","mobile_overlay_under":false,"overlay_style":"shadow"}}},"block_order":["text_34jqmf","image_qKH4JT"],"custom_css":["#block-id-text_34jqmf {background-color: black; color: white; padding: 10px; margin: 1px; border: 1px; border-radius: 18px; width: 30%;}","#block-id-text_34jqmf h2,h3 {color: white;}","a {color: white; text-decoration: underline;}"],"settings":{"alignment":"middle"}},"gallery_wtGyjN":{"type":"gallery","blocks":{"media_tfAYnc":{"type":"media","settings":{"image":"shopify:\/\/shop_images\/DSC09578.jpg","enlarge_media":true,"subheading":"","title":"","button_label":"","link":"","text_alignment":"bottom left"}},"media_FmDpcX":{"type":"media","settings":{"image":"shopify:\/\/shop_images\/DSC09559.jpg","enlarge_media":false,"subheading":"","title":"","button_label":"","link":"","text_alignment":"bottom left"}},"media_7eAABb":{"type":"media","settings":{"image":"shopify:\/\/shop_images\/pemulis_interior_used_board_rack.jpg","enlarge_media":false,"subheading":"","title":"","button_label":"","link":"","text_alignment":"bottom left"}},"media_nb4DEQ":{"type":"media","settings":{"image":"shopify:\/\/shop_images\/pemulis_interior_used_board_rack-1.jpg","enlarge_media":false,"subheading":"Gallery","title":"","button_label":"","link":"","text_alignment":"bottom left"}},"media_GNzTAr":{"type":"media","settings":{"image":"shopify:\/\/shop_images\/pemulis_interior_small_fin_display-1.jpg","enlarge_media":false,"subheading":"","title":"","button_label":"","link":"","text_alignment":"bottom left"}},"media_pQNBan":{"type":"media","settings":{"image":"shopify:\/\/shop_images\/5BF92E3B-BAE1-42D2-99EF-24AD71AE7ED8.jpg","enlarge_media":true,"subheading":"","title":"","button_label":"","link":"","text_alignment":"bottom left"}}},"block_order":["media_tfAYnc","media_FmDpcX","media_7eAABb","media_nb4DEQ","media_GNzTAr","media_pQNBan"],"settings":{"grid_desktop":2,"grid_mobile":"1","height":"fixed","desktop_image_height":380,"mobile_image_height":450,"title_size":30,"title_size_mobile":22,"enable_margin":true,"enable_row_spacing":true,"full_width":false,"color_scheme":"default","enable_carousel":false,"overlay_style":"full","button_style":"primary"}},"map_HLd4kM":{"type":"map","name":"Map","settings":{"full_width":true,"color_scheme":"default","heading":"Our store","address":"<p>4051 Judah Street<br\/>San Francisco, CA<\/p><p>Hours:<\/p><p>Weekdays: 1 pm - 6 pm<\/p><p>Weekends: 11 am - 4 pm<\/p>","button":"Directions","show_pin":true,"show_feature_image":false,"map_address":"pemulis","api_key":"AIzaSyArSoXIg-5OntAt5wCJiuX1QoLZiBmtFGE","map_type":"embed","map_style":"silver"}},"rich_text_zzDjkg":{"type":"rich-text","blocks":{"heading_xfUebD":{"type":"heading","settings":{"title":" Visit Our Local Surf Shop in San Francisco","use_h1":true}},"text_ebwY73":{"type":"text","settings":{"text":"<h1>Located just off Ocean Beach, Pemulis Water & Power is San Francisco’s favorite surf shop. We stock hard-to-find surfboards, sell numerous types of fins, and carry surf apparel, bags, leashes, and other beach essentials. We are located just down the street from both Aqua Surf Shop and Mollusk Surf shop. From Gato Heroi Playboy surfboards to True Ames products, we have you covered. Stop by and say hi the next time you’re in the Outer Sunset neighborhood. <\/h1>","enlarge_text":false}}},"block_order":["heading_xfUebD","text_ebwY73"],"settings":{"height":"small","text_alignment":"center","full_width":false,"color_scheme":"default"}},"main":{"type":"main-page","settings":{"show_page_title":false,"full_width":false}},"rich_text_AwPqqa":{"type":"rich-text","blocks":{"heading_GrJrqK":{"type":"heading","settings":{"title":"Visiting Our Location ","use_h1":false}},"text_78MXwK":{"type":"text","settings":{"text":"<h2>We’re located at 4051 Judah Street, near the corner of Judan and 46th. We are three blocks from the beach, and surrounded by bus stops for easy access. There’s plenty of street parking nearby. <\/h2>","enlarge_text":true}},"heading_E9D3hL":{"type":"heading","settings":{"title":"Surfboards For Sale in San Francisco","use_h1":false}},"text_ibqyWF":{"type":"text","settings":{"text":"<h6>We focus on high quality brands beloved by surfing enthusiasts around the world. We carry products like:<\/h6><h6>Gato Heroi<\/h6><h6>Tyler Warren<\/h6><h6>Ryan Lovelace<\/h6><h6>Alex Lopez<\/h6><h6>Jive Surf<\/h6><h6>And more<\/h6><h6>You are always welcome to stop by the shop and chat with us about your preferences. Do you want longboarding equipment, or are you more interested in speed, agility, and aerials? We can also help you decide based on your skill level, the types of waves you plan to surf (local or elsewhere), and even the tail shape that best suits your surfing style.<\/h6>","enlarge_text":false}},"text_MV3RLk":{"type":"text","settings":{"text":"<h5><strong> Buy Fins and Accessories<\/strong><\/h5><h5>Think about your surfing style and the waves you’ll be riding. If you're into longboarding and love a smooth, retro vibe, go for a single fin, like our <a href=\"\/products\/wild-things-kai-volan-fin-9-75\" title=\"Wild Things Kai Volan Fin 9.75\"><span style=\"text-decoration:underline\">Wild Things Kai Volan Fin<\/span><\/a>. Thrusters (three fins) are great if you're riding a shortboard and want speed and control. Quads (four fins) are all about sharp turns and fast rides. Keep in mind that bigger fins give you more stability, while smaller ones make your board feel super responsive and quick. We have every fin you could possibly need in our inventory.<\/h5>","enlarge_text":false}},"text_dch3Ya":{"type":"text","settings":{"text":"<h3><strong>Apparel and Beach Essentials<\/strong><\/h3><h3>We also carry a selection of women's spring suits and jackets, board shorts, sun screen, and other beach essentials. We help avid surfers and casual San Francisco beach-goers alike.<\/h3>","enlarge_text":false}}},"block_order":["heading_GrJrqK","text_78MXwK","heading_E9D3hL","text_ibqyWF","text_MV3RLk","text_dch3Ya"],"custom_css":[],"settings":{"height":"medium","text_alignment":"center","full_width":false,"color_scheme":"default"}},"1744408660c91ade51":{"type":"apps","blocks":{"instafeed_app_block_PjyVXh":{"type":"shopify:\/\/apps\/instafeed\/blocks\/app-block\/c447db20-095d-4a10-9725-b5977662c9d5","settings":{"title":"","title_color":"","title_size_v2":0,"alignment":"center","instafeed_margin_top":0,"instafeed_margin_bottom":0,"instafeed_margin_sides":0,"show_instagram_link":false,"link_alignment":"left","link_color":"#000000","background_color":"","feed_id":"","html_area":""}}},"block_order":["instafeed_app_block_PjyVXh"],"settings":{"full_width":false,"show_space":true}}},"order":["custom_content_izaCAF","gallery_wtGyjN","map_HLd4kM","rich_text_zzDjkg","main","rich_text_AwPqqa","1744408660c91ade51"]}