{"sections":{"main":{"type":"main-page","settings":{"show_page_title":true,"full_width":false}},"collection_list_wJLQeR":{"type":"collection-list","blocks":{"collection_46UkJ7":{"type":"collection","settings":{"collection":"gato-heroi","subheading":"","button_label":""}},"collection_8bncjR":{"type":"collection","settings":{"collection":"el-solitario","subheading":"","button_label":""}},"collection_jFHqqD":{"type":"collection","settings":{"collection":"avasol","subheading":"Avasol Mineral Sunscreen","button_label":""}},"collection_dM77rw":{"type":"collection","settings":{"collection":"fox-racing","subheading":"","button_label":""}},"collection_H7qtaN":{"type":"collection","settings":{"collection":"true-ames","subheading":"","button_label":""}},"collection_YA6xkh":{"type":"collection","settings":{"collection":"wild-things-australia","subheading":"","button_label":""}},"collection_rBCnX3":{"type":"collection","settings":{"collection":"rage","subheading":"","button_label":""}}},"block_order":["collection_46UkJ7","collection_8bncjR","collection_jFHqqD","collection_dM77rw","collection_H7qtaN","collection_YA6xkh","collection_rBCnX3"],"settings":{"title":"{{ page.title }}","enable_carousel":false,"grid":3,"color_scheme":"default","full_width":true,"coll_grid_image_shape":"square","coll_grid_image_position":"center center","coll_thumb_mob_per_row":"2","coll_grid_show_count":true,"coll_text_position":"below","coll_text_position_under_mobile":false,"coll_thumb_text_align_x":"center","coll_thumb_text_align_y":"center","coll_button_style":"primary"}}},"order":["main","collection_list_wJLQeR"]}