{"sections":{"main":{"type":"main-page","settings":{"show_page_title":true,"full_width":false}},"image_with_text_overlay_fPRyFF":{"type":"image-with-text-overlay","settings":{"image":"shopify:\/\/shop_images\/april_pemulis_pop-ups_1.png","height":"adapt","height_desktop":600,"height_mobile":460,"image_link":"","full_width":true,"text_alignment":"center center","mobile_overlay_under":false,"overlay_style":"shadow"}},"custom_content_BpEjb3":{"type":"custom-content","blocks":{"image_j9AnrT":{"type":"image","settings":{"width":"half","image":"shopify:\/\/shop_images\/Pemulis_Pop-up_2.png","height":"adapt","height_desktop":600,"height_mobile":500,"subheading":"","title":"","text":"","enlarge_text":false,"button_label":"","button_style":"primary","image_link":"","text_alignment":"center center","mobile_overlay_under":false,"overlay_style":"shadow"}},"text_k99d3K":{"type":"text","settings":{"width":"half","subheading":"Food Pop-up","title":"SUNDAY, April 13th","text":"","button_label":"Le Carousel PAtisserie","button_link":"","button_style":"secondary","text_alignment":"center"}}},"block_order":["image_j9AnrT","text_k99d3K"],"settings":{"alignment":"middle"}},"custom_content_fFEAnc":{"type":"custom-content","blocks":{"image_LUVxDU":{"type":"image","settings":{"width":"half","height":"adapt","height_desktop":600,"height_mobile":500,"subheading":"","title":"","text":"","enlarge_text":false,"button_label":"","button_style":"primary","image_link":"","text_alignment":"center center","mobile_overlay_under":false,"overlay_style":"shadow"}},"text_ryRtC7":{"type":"text","settings":{"width":"half","subheading":"Food Pop-up","title":"SUNDAY, April 20th","text":"<p>Celebrating 4\/20 and Easter with Sheet Music Bakery is a San Francisco-based bakery offering completely gluten free treats.<\/p>","button_label":"SHeet Music bakery","button_link":"","button_style":"secondary","text_alignment":"center"}}},"block_order":["image_LUVxDU","text_ryRtC7"],"settings":{"alignment":"middle"}},"custom_content_HGKGEm":{"type":"custom-content","blocks":{"image_7dfGK9":{"type":"image","settings":{"width":"half","image":"shopify:\/\/shop_images\/Screenshot_2025-03-27_at_4.25.39_PM.png","height":"adapt","height_desktop":600,"height_mobile":500,"subheading":"","title":"","text":"","enlarge_text":false,"button_label":"","button_style":"primary","image_link":"","text_alignment":"center center","mobile_overlay_under":false,"overlay_style":"shadow"}},"text_3LVEzB":{"type":"text","settings":{"width":"half","subheading":"Food Pop-up and Art Show","title":"THURSDAY, April 24th","text":"","button_label":"TACOS SINCERO","button_link":"","button_style":"secondary","text_alignment":"center"}}},"block_order":["image_7dfGK9","text_3LVEzB"],"settings":{"alignment":"middle"}},"custom_content_m8VAw3":{"type":"custom-content","blocks":{"image_jDMNHN":{"type":"image","settings":{"width":"half","image":"shopify:\/\/shop_images\/fuego_kitchen_logo.png","height":"adapt","height_desktop":600,"height_mobile":500,"subheading":"","title":"","text":"","enlarge_text":false,"button_label":"","button_style":"primary","image_link":"","text_alignment":"center center","mobile_overlay_under":false,"overlay_style":"shadow"}},"text_BpqL6T":{"type":"text","settings":{"width":"half","subheading":"Food Pop-up","title":"SATURDAY, April 26th","text":"","button_label":"Little FUego Kitchen","button_link":"","button_style":"secondary","text_alignment":"center"}}},"block_order":["image_jDMNHN","text_BpqL6T"],"settings":{"alignment":"middle"}}},"order":["main","image_with_text_overlay_fPRyFF","custom_content_BpEjb3","custom_content_fFEAnc","custom_content_HGKGEm","custom_content_m8VAw3"]}