{"sections":{"main":{"type":"main-page","settings":{"show_page_title":true,"full_width":false}},"gallery_ET9y93":{"type":"gallery","blocks":{"media_qbdePB":{"type":"media","settings":{"image":"shopify:\/\/shop_images\/1_1f9a3fd5-7e49-4cab-a6ed-32ceb295b48a.png","enlarge_media":false,"subheading":"","title":"","button_label":"","link":"","text_alignment":"bottom left"}},"media_4HMAhH":{"type":"media","settings":{"image":"shopify:\/\/shop_images\/6_88552397-2836-43f7-bc50-e864280b65f6.png","enlarge_media":false,"subheading":"","title":"","button_label":"","link":"","text_alignment":"bottom left"}},"media_TTHUKQ":{"type":"media","settings":{"image":"shopify:\/\/shop_images\/2_8304bd15-fbfc-48e4-86e6-f9eb24594330.png","enlarge_media":false,"subheading":"","title":"","button_label":"","link":"","text_alignment":"bottom left"}},"media_8tRzL7":{"type":"media","settings":{"image":"shopify:\/\/shop_images\/7_9af5d8e9-9532-45c4-a185-0cd45325c038.png","enlarge_media":false,"subheading":"","title":"","button_label":"","link":"","text_alignment":"bottom left"}}},"block_order":["media_qbdePB","media_4HMAhH","media_TTHUKQ","media_8tRzL7"],"settings":{"grid_desktop":4,"grid_mobile":"2","height":"fixed","desktop_image_height":450,"mobile_image_height":400,"title_size":30,"title_size_mobile":22,"enable_margin":true,"enable_row_spacing":true,"full_width":true,"color_scheme":"default","enable_carousel":true,"overlay_style":"full","button_style":"primary"}},"gallery_9QdYhm":{"type":"gallery","blocks":{"media_itNW9W":{"type":"media","settings":{"image":"shopify:\/\/shop_images\/5_c7ee3766-bc38-43d0-aa24-33110f49498e.png","enlarge_media":false,"subheading":"","title":"","button_label":"","link":"","text_alignment":"bottom left"}},"media_VKRGem":{"type":"media","settings":{"image":"shopify:\/\/shop_images\/10_4bf417b0-947a-439c-94cb-2e2e16607063.png","enlarge_media":false,"subheading":"","title":"","button_label":"","link":"","text_alignment":"bottom left"}},"media_cphVGn":{"type":"media","settings":{"image":"shopify:\/\/shop_images\/8_a659b447-8664-4b05-9334-724bff0b7609.png","enlarge_media":false,"subheading":"","title":"","button_label":"","link":"","text_alignment":"bottom left"}},"media_nNhTXk":{"type":"media","settings":{"image":"shopify:\/\/shop_images\/3_f3fde308-bb11-4e23-ae75-50afcc57360e.png","enlarge_media":false,"subheading":"","title":"","button_label":"","link":"","text_alignment":"bottom left"}}},"block_order":["media_itNW9W","media_VKRGem","media_cphVGn","media_nNhTXk"],"settings":{"grid_desktop":4,"grid_mobile":"2","height":"fixed","desktop_image_height":450,"mobile_image_height":400,"title_size":30,"title_size_mobile":22,"enable_margin":true,"enable_row_spacing":true,"full_width":true,"color_scheme":"default","enable_carousel":true,"overlay_style":"full","button_style":"primary"}}},"order":["main","gallery_ET9y93","gallery_9QdYhm"]}