{"sections":{"main":{"type":"main-contact","blocks":{"text_QtNEyj":{"type":"text","settings":{"text":""}},"name":{"type":"name_input","settings":{"half_width":true}},"email":{"type":"email_input","settings":{"half_width":true}},"message":{"type":"message_input","settings":{"half_width":false}}},"block_order":["text_QtNEyj","name","email","message"],"settings":{"show_page_title":true,"use_columns":true,"contact_title":"Please use the form below.","contact_text":""}},"collapsible_tabs_FhPLmh":{"type":"collapsible-tabs","blocks":{"question_aYrTpc":{"type":"question","disabled":true,"settings":{"title":"Order-Related Inquiries","answer":"<p>Please e-mail orders@ pemulis.cool for any questions and concerns related to an active order.<\/p>"}},"question_FhgkNx":{"type":"question","disabled":true,"settings":{"title":"Gallery Exhibition Inquiries","answer":"<p>We are currently accepting submissions for 2025 gallery exhibitions. Please send examples of past and current work, artist statement, bio, etc to submissions @pemulis.cool<\/p>"}},"question_3Tbznb":{"type":"question","disabled":true,"settings":{"title":"Press Inquiries","answer":"<p>Please send all press inquires to press @pemulis.cool. <\/p>"}},"question_fzdhnF":{"type":"question","disabled":true,"settings":{"title":"Merchandising Inquiries","answer":"<p>Please send all submissions for merchandising or selling product\/brands at Pemulis to merchandising @pemulis.cool<\/p>"}}},"block_order":["question_aYrTpc","question_FhgkNx","question_3Tbznb","question_fzdhnF"],"settings":{"title":""}}},"order":["main","collapsible_tabs_FhPLmh"]}