{"sections":{"main":{"type":"main-page","disabled":true,"settings":{"show_page_title":true,"full_width":true}},"multi_column_KjxXVr":{"type":"multi-column","blocks":{"text_block_7rwKfK":{"type":"text_block","settings":{"enable_media":true,"image":"shopify:\/\/shop_images\/gato-heroi-99-californian-gato-heroi-surfboards-pemulis-water-power.jpg","title":"CALIFORNIAN","text":"<p>One of Robin's most approachable shapes. Traditional California longboard perfect for Summer Noseriding.<\/p>","button_label":"FIND OUT MORE","link":"shopify:\/\/products\/gato-heroi-gato-heroi-9-9-californian-surfboard-archive-high-quality-gear"}},"text_block_6fNB97":{"type":"text_block","settings":{"enable_media":true,"image":"shopify:\/\/shop_images\/gato-heroi-99-playboy-old-mal-tint-gato-heroi-surfboards-pemulis-water-power.jpg","title":"PLAYBOY","text":"<p>A modern take on the classic Australian longboard. Wide point back. Lots of speed and performance.<\/p>","button_label":"find out more","link":"shopify:\/\/products\/gato-heroi-gato-heroi-9-9-playboy-clear-surfboards-high-quality-gear"}},"text_block_fXYnME":{"type":"text_block","settings":{"enable_media":true,"image":"shopify:\/\/shop_images\/gato-heroi-99-smooth-operator-gato-heroi-surfboards-pemulis-water-power.jpg","title":"SMOOTH OPERATOR","text":"<p>Classic pintail Longboard with a blanced outline for the perfect blend of speed and maneuverability.<\/p>","button_label":"FIND OUT MORE","link":"shopify:\/\/products\/99-smooth-operator-gato-heroi"}}},"block_order":["text_block_7rwKfK","text_block_6fNB97","text_block_fXYnME"],"settings":{"title":"","media_aspect_ratio":"s","media_width":700,"text_alignment":"center","button_style":"primary","color_scheme":"default"}},"multi_column_bg8xJL":{"type":"multi-column","blocks":{"text_block_VPBW7c":{"type":"text_block","settings":{"enable_media":true,"image":"shopify:\/\/shop_images\/gato-heroi-79-acid-gato-heroi-surfboards-pemulis-water-power.jpg","title":"ACID","text":"<p>Share blog posts, products, or promotions with your customers. Use this text to describe products, share details on availability and style, or as a space to display recent reviews or FAQs.<\/p>","button_label":"FIND OUT MORE","link":"shopify:\/\/products\/gato-heroi-gato-heroi-7-9-acid-surfboard-archive-high-quality-gear"}},"text_block_KUHFWb":{"type":"text_block","settings":{"enable_media":true,"image":"shopify:\/\/shop_images\/gato_heroi_Surfar.png","title":"SURFAR","text":"<p>Share blog posts, products, or promotions with your customers. Use this text to describe products, share details on availability and style, or as a space to display recent reviews or FAQs.<\/p>","button_label":"FIND OUT MORE","link":""}},"text_block_cihnfL":{"type":"text_block","settings":{"enable_media":true,"image":"shopify:\/\/shop_images\/gato-heroi-610-roach-gato-heroi-surfboards-pemulis-water-power-3.jpg","title":"ROACH","text":"<p>Share blog posts, products, or promotions with your customers. Use this text to describe products, share details on availability and style, or as a space to display recent reviews or FAQs.<\/p>","button_label":"FIND OUT MORE","link":"shopify:\/\/products\/gato-heroi-gato-heroi-6-10-roach-surfboard-archive-high-quality-gear"}}},"block_order":["text_block_VPBW7c","text_block_KUHFWb","text_block_cihnfL"],"settings":{"title":"","media_aspect_ratio":"s","media_width":700,"text_alignment":"center","button_style":"primary","color_scheme":"default"}},"product_guide_hKU9DH":{"type":"product-guide","blocks":{"model_ffgVc8":{"type":"model","settings":{"model_name":"","model_description":""}},"model_GLEpDH":{"type":"model","settings":{"model_name":"","model_description":""}},"model_fKbVCb":{"type":"model","settings":{"model_name":"","model_description":""}}},"block_order":["model_ffgVc8","model_GLEpDH","model_fKbVCb"],"settings":{}}},"order":["main","multi_column_KjxXVr","multi_column_bg8xJL","product_guide_hKU9DH"]}