{"sections":{"main":{"type":"main-page","settings":{"show_page_title":true,"full_width":true}},"faq_header_jmQbnd":{"type":"faq-header","name":"FAQ header","settings":{"title":"FAQ","use_h1":false,"text":"","show_search":true,"show_index":true,"index_heading":"How can we help?"}},"background_video_yTJTgV":{"type":"background-video","blocks":{"subheading_HaUc9g":{"type":"subheading","settings":{"subheading":"Tell your story"}},"heading_BMRKcX":{"type":"heading","settings":{"title":"Background video","heading_max_width":15,"title_size":84,"title_size_mobile":32,"use_h1":false}},"text_iwMgLf":{"type":"text","settings":{"text":"<p>Use a video to get a customer's attention<\/p>","enlarge_text":true}}},"block_order":["subheading_HaUc9g","heading_BMRKcX","text_iwMgLf"],"name":"Background video","settings":{"video_external":"https:\/\/www.youtube.com\/watch?v=_9VUPq3SxOc","video_description":"","text_alignment":"center center","height_desktop":600,"height_mobile":500,"full_width":true,"overlay_style":"shadow"}},"key_features_Hwyf4T":{"type":"key-features","blocks":{"feature_CjRThi":{"type":"feature","settings":{"bg_color":"#e3e3e3","bg_gradient":"","text_color":"#505050","heading":"Stretch","text":"<p>Describe a key feature in detail.<\/p>","show_segments":true,"segments":5,"active_segment":"4","fill_segments":true,"show_labels":true,"label_left":"","label_middle":"","label_right":"","show_icon":false,"icon":"star"}},"feature_3XRfCA":{"type":"feature","settings":{"bg_color":"#c3c3c3","bg_gradient":"","text_color":"#505050","heading":"Warmth","text":"<p>Describe a key feature in detail.<\/p>","show_segments":true,"segments":5,"active_segment":"2","fill_segments":true,"show_labels":true,"label_left":"","label_middle":"","label_right":"","show_icon":false,"icon":"star"}},"feature_7VVYdi":{"type":"feature","settings":{"bg_color":"#e3e3e3","bg_gradient":"","text_color":"#505050","heading":"Water resistance","text":"<p>Describe a key feature in detail.<\/p>","show_segments":true,"segments":5,"active_segment":"3","fill_segments":true,"show_labels":true,"label_left":"","label_middle":"","label_right":"","show_icon":false,"icon":"star"}}},"block_order":["feature_CjRThi","feature_3XRfCA","feature_7VVYdi"],"name":"Key features","settings":{"heading":"Key features","image_max_width":700,"media_aspect_ratio":"1","image_position":"left","segment_position":"over-text"}}},"order":["key_features_Hwyf4T","main","faq_header_jmQbnd","background_video_yTJTgV"]}