{"sections":{"main":{"type":"main-product","blocks":{"title":{"type":"title","settings":{}},"vendor":{"type":"vendor","settings":{}},"price":{"type":"price","settings":{"show_tax_and_shipping":false,"enable_product_reviews_by_price":true}},"description":{"type":"description","settings":{"show_in_tab":false,"open_tab":false,"icon":"","show_in_quickbuy":false}},"variant-picker":{"type":"variant-picker","settings":{"show_single":true,"selector_style":"listed","dynamic_availability":"show","enable_size_chart":false,"size_chart_label":"Size guide","size_chart_variant":"Size","size_chart_page":""}},"richtext_yze7fX":{"type":"richtext","settings":{"richtext":"<p>{{ metaobjects.ship_ca_text[\"ship-ca-text-s2dbjfja\"].shipping_ca_text | metafield_tag }}<\/p>","icon":"","icon_size":"small","enable_box":false,"box_color":"#e0f4d5","show_in_quickbuy":false}},"buy-buttons":{"type":"buy-buttons","settings":{"show_quantity_selector":true,"enable_payment_button":false,"show_backorder_text":true,"show_pickup_availability":true,"show_gift_card_recipient":false}}},"block_order":["title","vendor","price","description","variant-picker","richtext_yze7fX","buy-buttons"],"settings":{"show_breadcrumbs":true,"select_first_variant":true,"show_location_underneath":false,"inventory_transfers_enable":true,"enable_sticky_columns":false,"enable_sticky_atc":true,"sticky_atc_position":"end","sticky_atc_mobile":true,"sticky_atc_behavior":"add_to_cart","sticky_atc_button_style":"secondary","gallery_size":"medium","gallery_layout":"carousel-under","enable_zoom":true,"show_alt_text":false,"alt_text_icon":"","enable_video_autoplay":false,"enable_video_looping":false,"enable_media_grouping":false,"media_grouping_option":"Color,Colour,Couleur,Farbe"}},"related-products":{"type":"related-products","settings":{"title":"You may also like{{ product.metafields[\"shopify--discovery--product_recommendation\"].related_products_display.value }}","show_vendor":true,"grid":4}},"1732765082135c6ee0":{"type":"apps","settings":{"full_width":false,"show_space":true}}},"order":["main","related-products","1732765082135c6ee0"]}