{"presets":{"Chantilly":{"max_page_width":1600,"use_fullwidth_layout":false,"font_col_base":"#5c5c5c","font_col_link":"#c16452","font_col_heads":"#171717","font_col_shoptitle":"#171717","prod_label_sale_text":"#c20000","prod_label_sold_text":"#171717","prod_label_pre_text":"#3ea36a","btn_color_hover":"#c16452","btn_alt_bg":"#ffffff","bg_col":"#ffffff","bg_image":"","bg_method":"repeatxy","head_bg_col":"#ffffff","head_txt_col":"#171717","head_nav_div_col":"#dfe3e8","font_col_nav":"#5c5c5c","font_col_nav_hov":"#c16452","panel_nav_bg":"#ffffff","nav_featured_col":"#b61d0f","image_overlay_text":"#ffffff","image_overlay_bg":"#000000","image_overlay_opacity":12,"image_overlay_shadow_opacity":16,"image_overlay_box_opacity":88,"color_scheme_1_col":"#fcfaf3","color_scheme_1_gradient":"","color_scheme_1_head_col":"#171717","color_scheme_1_text_col":"#5c5c5c","color_scheme_1_link_col":"#c16452","color_scheme_1_overrides_enabled":false,"color_scheme_1_btn_color":"#232323","color_scheme_1_btn_color_hover":"#000000","color_scheme_1_btn_color_text":"#ffffff","color_scheme_1_btn_alt_bg":"#ffffff","color_scheme_1_btn_alt_text":"#232323","color_scheme_2_col":"#faf2e6","color_scheme_2_gradient":"","color_scheme_2_head_col":"#171717","color_scheme_2_text_col":"#5c5c5c","color_scheme_2_link_col":"#c16452","color_scheme_2_overrides_enabled":false,"color_scheme_2_btn_color":"#232323","color_scheme_2_btn_color_hover":"#000000","color_scheme_2_btn_color_text":"#ffffff","color_scheme_2_btn_alt_bg":"#ffffff","color_scheme_2_btn_alt_text":"#232323","quickbuy_color_scheme":"default","prod_over_redu_text":"#ffffff","prod_over_redu_bg":"#c20000","prod_over_low_text":"#ffffff","prod_over_low_bg":"#09728c","prod_over_new_text":"#ffffff","prod_over_new_bg":"#c16452","prod_over_meta_text":"#ffffff","prod_over_meta_bg":"#bd2585","prod_rating_star":"#c16452","foot_bg_col":"#faf2e6","foot_text_col":"#5c5c5c","foot_heading_col":"#171717","foot_divider_col":"#efdfc7","type_heading_font":"americana_n4","capitalize_headings":false,"type_base_font":"nunito_sans_n4","type_nav_font":"nunito_sans_n4","type_logo_font":"americana_n7","font_size_heading_int":34,"font_size_base_int":15,"font_size_nav_int":14,"font_size_logo_int":26,"button_style":"caps","button_shape":"slightlyrounded","prod_thumb_shape":"portrait-23","prod_thumb_mob_per_row":"1","prod_thumb_hover_image":true,"quickbuy_style":"button","prod_block_label_loc":"top left","prod_stock_warn_show":true,"prod_stock_warn_limit_int":5,"prod_sale_show":true,"prod_sold_out_show":true,"swatch_option_name":"Color","swatch_method":"swatches","swatch_style":"icon_circle","swatch_picker_image_size":40,"enable_filter_swatches":true,"filter_swatch_layout":"no-label","prod_thumb_options_names":"","coll_grid_image_shape":"portrait-45","coll_grid_image_position":"center center","coll_grid_show_count":true,"cart_type":"drawer","after_add_to_cart":"drawer","free_shipping_bar_col_under":"#171717"},"Salt Yard":{"use_fullwidth_layout":true,"font_col_base":"#676869","font_col_link":"#171717","font_col_heads":"#171717","font_col_shoptitle":"#171717","prod_label_sale_text":"#df5641","prod_label_sold_text":"#171717","prod_label_pre_text":"#60a57e","btn_color":"#232323","btn_color_text":"#ffffff","btn_alt_bg":"#ffffff","btn_alt_text":"#232323","bg_col":"#ffffff","bg_image":"","head_bg_col":"#ffffff","head_txt_col":"#171717","head_nav_div_col":"#e2e2e2","font_col_nav":"#676869","font_col_nav_hov":"#171717","panel_nav_bg":"#ffffff","nav_featured_col":"#df5641","image_overlay_text":"#ffffff","image_overlay_bg":"#171717","image_overlay_opacity":12,"image_overlay_shadow_opacity":16,"image_overlay_box_scheme":"page","color_scheme_1_col":"#f7f7f8","color_scheme_1_gradient":"","color_scheme_1_head_col":"#171717","color_scheme_1_text_col":"#676869","color_scheme_1_link_col":"#171717","color_scheme_1_overrides_enabled":false,"color_scheme_1_btn_color":"#232323","color_scheme_1_btn_color_hover":"#000000","color_scheme_1_btn_color_text":"#ffffff","color_scheme_1_btn_alt_bg":"#ffffff","color_scheme_1_btn_alt_text":"#232323","color_scheme_2_col":"#232323","color_scheme_2_gradient":"","color_scheme_2_head_col":"#ffffff","color_scheme_2_text_col":"#ffffff","color_scheme_2_link_col":"#ffffff","color_scheme_2_overrides_enabled":false,"color_scheme_2_btn_color":"#ffffff","color_scheme_2_btn_color_hover":"#e2e2e2","color_scheme_2_btn_color_text":"#171717","color_scheme_2_btn_alt_bg":"#ffffff","color_scheme_2_btn_alt_text":"#171717","quickbuy_color_scheme":"1","prod_over_redu_text":"#ffffff","prod_over_redu_bg":"#b33323","prod_over_low_text":"#ffffff","prod_over_low_bg":"#4c4c4b","prod_over_new_text":"#808284","prod_over_new_bg":"#ffffff","prod_over_meta_text":"#171717","prod_over_meta_bg":"#66ff65","prod_rating_star":"#f6a529","foot_bg_col":"#f7f7f8","foot_text_col":"#676869","foot_heading_col":"#171717","foot_divider_col":"#e4e4e4","type_heading_font":"basic_commercial_n4","capitalize_headings":false,"type_base_font":"basic_commercial_n4","type_nav_font":"basic_commercial_n4","type_logo_font":"basic_commercial_n7","font_size_heading_int":30,"font_size_base_int":14,"font_size_nav_int":14,"font_size_logo_int":24,"button_style":"normal","button_shape":"slightlyrounded","prod_thumb_shape":"square","prod_thumb_crop":true,"prod_thumb_mob_per_row":"1","prod_thumb_text_align":"left","prod_thumb_hover_image":true,"quickbuy_style":"button","prod_block_label_loc":"top left","prod_stock_warn_show":true,"prod_stock_warn_limit_int":10,"prod_sale_show":true,"prod_sold_out_show":true,"enable_product_reviews_collection":false,"swatch_method":"variant-images","swatch_style":"icon_square","swatch_picker_image_size":70,"enable_filter_swatches":true,"filter_swatch_layout":"no-label","enable_quick_header_search":true,"quick_search_show_vendor":false,"quick_search_show_price":true,"quick_search_search_meta":false,"cart_type":"drawer","free_shipping_bar_col_under":"#171717"},"Beatnik":{"use_fullwidth_layout":true,"font_col_base":"#6d7175","font_col_link":"#202223","font_col_heads":"#202223","font_col_shoptitle":"#202223","prod_label_sale_text":"#df5641","prod_label_sold_text":"#202223","prod_label_pre_text":"#60a57e","btn_color":"#013299","btn_alt_bg":"#ffffff","bg_col":"#ffffff","bg_image":"","bg_method":"repeatxy","head_bg_col":"#ffffff","head_txt_col":"#202223","head_nav_div_col":"#e2e2e2","font_col_nav":"#6d7175","font_col_nav_hov":"#202223","panel_nav_bg":"#ffffff","nav_featured_col":"#df5641","image_overlay_text":"#ffffff","image_overlay_bg":"#000000","image_overlay_opacity":10,"image_overlay_shadow_opacity":15,"color_scheme_1_col":"#f3f1e9","color_scheme_1_gradient":"","color_scheme_1_head_col":"#013299","color_scheme_1_text_col":"#6d7175","color_scheme_1_link_col":"#202223","color_scheme_1_overrides_enabled":false,"color_scheme_1_btn_color":"#013299","color_scheme_1_btn_color_hover":"#000000","color_scheme_1_btn_color_text":"#ffffff","color_scheme_1_btn_alt_bg":"#ffffff","color_scheme_1_btn_alt_text":"#232323","color_scheme_2_col":"#f6f6f6","color_scheme_2_gradient":"","color_scheme_2_head_col":"#202223","color_scheme_2_text_col":"#6d7175","color_scheme_2_link_col":"#202223","color_scheme_2_overrides_enabled":true,"color_scheme_2_btn_color":"#013299","color_scheme_2_btn_color_hover":"#000000","color_scheme_2_btn_color_text":"#ffffff","color_scheme_2_btn_alt_bg":"#ffffff","color_scheme_2_btn_alt_text":"#232323","prod_over_redu_text":"#df5641","prod_over_redu_bg":"#ffffff","prod_over_low_text":"#6d7175","prod_over_low_bg":"#ffffff","prod_over_new_text":"#ffffff","prod_over_new_bg":"#013299","prod_over_meta_text":"#ffffff","prod_over_meta_bg":"#202223","prod_inv_in_text":"#008060","prod_rating_star":"#6d7175","foot_bg_col":"#ffffff","foot_text_col":"#6d7175","foot_heading_col":"#202223","foot_divider_col":"#e0e0e0","type_heading_font":"gill_sans_nova_n6","capitalize_headings":true,"type_base_font":"futura_n4","type_nav_font":"futura_n5","type_logo_font":"gill_sans_nova_n6","font_size_heading_int":28,"font_size_base_int":15,"font_size_nav_int":14,"font_size_logo_int":28,"button_style":"caps","prod_thumb_shape":"shortest","prod_thumb_crop":true,"prod_thumb_text_align":"left","prod_thumb_hover_image":true,"quickbuy_style":"button","prod_block_label_loc":"top left","prod_reduction_type":"percent","prod_stock_warn_show":true,"prod_stock_warn_limit_int":5,"prod_new_method":"collection","prod_new_limit_int":100,"prod_sale_show":true,"prod_sold_out_show":true,"swatch_option_name":"Color","swatch_method":"swatches","swatch_style":"listed","enable_filter_swatches":true,"cart_type":"drawer","free_shipping_bar_col_under":"#202223"},"Duke":{"use_fullwidth_layout":true,"font_col_base":"#6d7175","font_col_link":"#202223","font_col_heads":"#202223","font_col_shoptitle":"#202223","prod_label_sale_text":"#c4293d","prod_label_sold_text":"#202223","prod_label_pre_text":"#60a57e","btn_color":"#000000","btn_color_hover":"#202223","btn_alt_bg":"#ffffff","btn_alt_text":"#000000","bg_col":"#ffffff","bg_image":"","bg_method":"repeatxy","head_bg_col":"#ffffff","head_txt_col":"#202223","head_nav_div_col":"#e2e2e2","font_col_nav":"#6d7175","font_col_nav_hov":"#202223","panel_nav_bg":"#ffffff","nav_featured_col":"#c4293d","image_overlay_text":"#ffe802","image_overlay_bg":"#000000","image_overlay_opacity":10,"image_overlay_shadow_opacity":15,"color_scheme_1_col":"#ffe802","color_scheme_1_gradient":"","color_scheme_1_head_col":"#202223","color_scheme_1_text_col":"#6d7175","color_scheme_1_link_col":"#202223","color_scheme_1_overrides_enabled":false,"color_scheme_1_btn_color":"#000000","color_scheme_1_btn_color_hover":"#202223","color_scheme_1_btn_color_text":"#ffffff","color_scheme_1_btn_alt_bg":"#ffffff","color_scheme_1_btn_alt_text":"#000000","color_scheme_2_col":"#f6f6f6","color_scheme_2_gradient":"","color_scheme_2_head_col":"#202223","color_scheme_2_text_col":"#6d7175","color_scheme_2_link_col":"#202223","color_scheme_2_overrides_enabled":false,"color_scheme_2_btn_color":"#000000","color_scheme_2_btn_color_hover":"#202223","color_scheme_2_btn_color_text":"#ffffff","color_scheme_2_btn_alt_bg":"#ffffff","color_scheme_2_btn_alt_text":"#000000","prod_over_redu_text":"#c4293d","prod_over_redu_bg":"#ffffff","prod_over_low_text":"#6d7175","prod_over_low_bg":"#ffffff","prod_over_new_text":"#000000","prod_over_new_bg":"#ffe802","prod_over_meta_text":"#ffffff","prod_over_meta_bg":"#202223","foot_bg_col":"#ffffff","foot_text_col":"#6d7175","foot_heading_col":"#202223","foot_divider_col":"#eeeeee","type_heading_font":"helvetica_n7","capitalize_headings":true,"type_base_font":"helvetica_n4","type_nav_font":"helvetica_n4","type_logo_font":"helvetica_n7","font_size_heading_int":30,"font_size_base_int":14,"font_size_nav_int":14,"font_size_logo_int":24,"button_style":"normal","prod_thumb_shape":"shortest","prod_thumb_crop":false,"prod_thumb_hover_image":true,"prod_block_label_loc":"top right","prod_stock_warn_show":true,"prod_stock_warn_limit_int":10,"prod_new_method":"date","prod_new_limit_int":100,"prod_sale_show":true,"prod_sold_out_show":true,"swatch_option_name":"Color","swatch_method":"image","swatch_style":"icon_square","swatch_picker_image_size":60,"enable_filter_swatches":true,"coll_grid_image_shape":"portrait-45","cart_type":"drawer","free_shipping_bar_col_under":"#202223","free_shipping_bar_col_met":"#ffe802"}},"current":{"max_page_width":1360,"use_fullwidth_layout":true,"font_col_base":"{{ shop.brand.colors.primary[0].background }}","font_col_link":"#202223","font_col_heads":"#202223","font_col_shoptitle":"#202223","prod_label_sale_text":"#c4293d","prod_label_sold_text":"#202223","prod_label_pre_text":"#60a57e","btn_color":"#202223","btn_color_hover":"#202223","btn_color_text":"#32b6b6","btn_alt_bg":"#202223","btn_alt_text":"#32b6b6","bg_col":"#ffffff","bg_image":"","bg_method":"center top no-repeat","head_bg_col":"#000000","head_txt_col":"#ffffff","head_nav_div_col":"#ffffff","font_col_nav":"#32b6b6","font_col_nav_hov":"#ffffff","panel_nav_bg":"#000000","nav_featured_col":"#c4293d","image_overlay_text":"#ffffff","image_overlay_bg":"#ffffff","image_overlay_opacity":0,"image_overlay_shadow_opacity":0,"image_overlay_box_opacity":0,"image_overlay_box_scheme":"page","color_scheme_1_col":"#fffbfb","color_scheme_1_gradient":"","color_scheme_1_head_col":"#202223","color_scheme_1_text_col":"#fefefe","color_scheme_1_link_col":"#fefefe","color_scheme_1_overrides_enabled":true,"color_scheme_1_btn_color":"#202223","color_scheme_1_btn_color_hover":"#ffe802","color_scheme_1_btn_color_text":"#ffffff","color_scheme_1_btn_alt_bg":"#202223","color_scheme_1_btn_alt_text":"#f5f5f5","color_scheme_2_col":"#c4293d","color_scheme_2_gradient":"","color_scheme_2_head_col":"#202223","color_scheme_2_text_col":"#ffffff","color_scheme_2_link_col":"#202223","color_scheme_2_overrides_enabled":false,"color_scheme_2_btn_color":"#ffffff","color_scheme_2_btn_color_hover":"#fefefe","color_scheme_2_btn_color_text":"#32b6b6","color_scheme_2_btn_alt_bg":"#ffffff","color_scheme_2_btn_alt_text":"#000000","quickbuy_color_scheme":"1","prod_over_redu_text":"#c4293d","prod_over_redu_bg":"#ffffff","prod_over_low_text":"#6d7175","prod_over_low_bg":"#ffffff","prod_over_new_text":"#000000","prod_over_new_bg":"#ffe802","prod_over_meta_text":"#ffffff","prod_over_meta_bg":"#202223","prod_inv_in_text":"#108043","prod_rating_star":"#f6a529","foot_bg_col":"#ffffff","foot_text_col":"#6d7175","foot_heading_col":"#202223","foot_divider_col":"#202223","type_heading_font":"sans-serif","capitalize_headings":false,"type_base_font":"sans-serif","type_nav_font":"sans-serif","type_logo_font":"sans-serif","font_size_heading_int":32,"font_size_base_int":20,"font_size_nav_int":20,"font_size_logo_int":25,"button_style":"caps","button_shape":"slightlyrounded","prod_thumb_shape":"square","prod_thumb_crop":false,"prod_thumb_mob_per_row":"1","prod_thumb_text_align":"center","prod_thumb_hover_image":true,"quickbuy_style":"button","qb_show_app_blocks":true,"prod_block_label_loc":"bottom right","prod_reduction_type":"value","prod_stock_warn_show":false,"prod_stock_warn_limit_int":10,"prod_new_show":false,"prod_new_method":"tag","prod_new_limit_int":100,"prod_sale_show":false,"prod_sold_out_show":true,"enable_product_reviews_collection":true,"swatch_source":"none","swatch_option_name":"Color","swatch_method":"swatches","swatch_style":"icon_square","swatch_picker_image_size":94,"enable_filter_swatches":true,"filter_swatch_layout":"no-label","prod_thumb_options_names":"Color","social_instagram_url":"https:\/\/instagram.com\/pemuliswaterandpower","enable_quick_header_search":true,"quick_search_show_vendor":true,"quick_search_show_price":true,"quick_search_search_meta":true,"coll_grid_image_shape":"portrait-45","coll_grid_image_position":"center center","coll_grid_show_count":true,"favicon":"shopify:\/\/shop_images\/pemulis_favicon_file.svg","animations_enabled_desktop":true,"cart_type":"drawer","after_add_to_cart":"notification","show_free_shipping_bar":false,"free_shipping_amounts":"USD:100","free_shipping_bar_col_under":"#202223","free_shipping_bar_col_met":"#ffe802","image_quality":"1.5","content_for_index":[],"blocks":{"11724500921838622758":{"type":"shopify:\/\/apps\/frequently-bought\/blocks\/app-embed-block\/b1a8cbea-c844-4842-9529-7c62dbab1b1f","disabled":false,"settings":{}},"1232542678405107163":{"type":"shopify:\/\/apps\/instafeed\/blocks\/head-block\/c447db20-095d-4a10-9725-b5977662c9d5","disabled":false,"settings":{}},"13768625480086291342":{"type":"shopify:\/\/apps\/forms\/blocks\/forms\/8744a304-fcb1-4347-b211-bb6b4759a76a","disabled":false,"settings":{}},"144831480468751239":{"type":"shopify:\/\/apps\/essential-upsell\/blocks\/app-embed\/50627fd9-24fd-4250-8614-accc12826d80","disabled":false,"settings":{}},"5099416060181051451":{"type":"shopify:\/\/apps\/interlinks\/blocks\/app-embed\/d91ba15e-f408-4d77-bec4-18d567dd889f","disabled":false,"settings":{}}}}}