{"type":"footer","name":"Footer Group","sections":{"map_Vt76ff":{"type":"map","disabled":true,"settings":{"full_width":true,"color_scheme":"default","heading":"Pemulis Water & Power","address":"<p>4051 Judah Street<br\/>San Francisco, CA<\/p>","button":"Directions","show_pin":true,"show_feature_image":false,"map_address":"Pemulis Water &","api_key":"AIzaSyArSoXIg-5OntAt5wCJiuX1QoLZiBmtFGE","map_type":"embed","map_style":"silver"}},"cross-page-promos":{"type":"cross-page-promos","blocks":{"1478526632862":{"type":"icon","settings":{"icon":"price_tag","text":"New Surfboards","link_url":"shopify:\/\/collections\/new-surfboards"}},"1478526645605":{"type":"icon","settings":{"icon":"map_pin","text":"San Francisco Store","link_url":"shopify:\/\/pages\/obsf-store"}},"1478526647261":{"type":"icon","settings":{"icon":"award","text":"Gift cards","link_url":"shopify:\/\/products\/pemulis-water-power-pemulis-online-gift-card-gift-card-high-quality-gear"}}},"block_order":["1478526632862","1478526645605","1478526647261"],"disabled":true,"settings":{"cross_page_promo_bg":"#ffffff","cross_page_promo_color":"#454564","show_on_home_page":true}},"footer":{"type":"footer","blocks":{"1601308656020":{"type":"newsletter","settings":{"title":"Sign Up For a 10% discount on your first order","text":"<p><strong>Members also receive early access to sales, rare\/secret discount codes, and invitations store events and parties.<\/strong><\/p>","button_style":"primary","show_social_icons":false,"soc_icons_large":true}},"custom_liquid_64hpmT":{"type":"custom-liquid","settings":{"title":"","code":"<style>\n.video-container {\n  position: relative;\n  max-width: 800px;\n  width: 90%;\n  margin: 0 auto;\n  aspect-ratio: 16 \/ 9;\n  overflow: hidden;\n  border-radius: 8px;\n}\n\n.video-container video {\n  width: 100%;\n  height: 100%;\n  object-fit: cover;\n  opacity: 0.9; \/* Very transparent *\/\n}\n\n@media (max-width: 768px) {\n  .video-container {\n    width: 95%;\n    max-width: none;\n  }\n}\n<\/style>\n\n<div class=\"video-container\">\n  <video autoplay muted loop playsinline>\n    <source src=\"https:\/\/cdn.shopify.com\/videos\/c\/o\/v\/8ae32907819a408183d2fb396318fd68.mp4\" type=\"video\/mp4\">\n    Your browser does not support the video tag.\n  <\/video>\n<\/div>"}},"1601308671932":{"type":"menu","settings":{"title":"","menu":"footer"}},"menu_CPqNPE":{"type":"menu","settings":{"title":"","menu":"main-menu"}}},"block_order":["1601308656020","custom_liquid_64hpmT","1601308671932","menu_CPqNPE"],"settings":{"lower_menu":"main-menu","show_powered_by":false,"show_payment_icons":false,"enable_country_selector":false,"enable_language_selector":true}}},"order":["map_Vt76ff","cross-page-promos","footer"]}