{"type":"aside","name":"Overlay Group","sections":{"cart-drawer":{"type":"cart-drawer","settings":{"show_order_note":true,"show_tax_and_shipping":true,"enable_direct_cart":true,"cart_terms_page":"","show_backorder_text":false,"show_inventory_notice":"low","show_inventory_count":"low","inventory_threshold":10,"show_announcement":false,"announcement_position":"above-items","announcement_text":"Cart announcement text","announcement_icon":"box","announcement_icon_size":"small","announcement_enable_box":false,"announcement_box_color":"#ffffff","empty_icon":"basket","empty_heading":"Your cart is empty","empty_text":"","empty_button_text":"Start shopping","empty_button_link":"shopify:\/\/collections\/all","empty_button_style":"primary","empty_enable_custom_colors":false,"empty_color_background":"","empty_color_background_gradient":"","empty_color_text":"","enable_cross_sells":true,"cross_sell_title":"You may like","cross_sell_products":[],"enable_automatic_cross_sells":true,"croll_sell_color_scheme":"default"}},"pop-up":{"type":"pop-up","blocks":{"heading":{"type":"heading","settings":{"heading":"JOIN THE CLUB FOR 10% OFF","heading_size":"h3"}},"text":{"type":"text","settings":{"text":"<p><strong>Members receive early access to sales, rare\/secret discount codes, and invitations store events and parties.<\/strong><\/p>","text_size":"small-text"}},"newsletter-signup":{"type":"newsletter-signup","settings":{"button_style":"secondary"}},"text_3JHgB6":{"type":"text","settings":{"text":"<p>excluding surfboards, wetsuits, and sale<\/p>","text_size":"small-text"}}},"block_order":["heading","text","newsletter-signup","text_3JHgB6"],"settings":{"trigger":"delay","delay":5,"show_to_guests_only":true,"show_on_mobile":false,"dismiss_days":19,"position":"justify-center items-center","text_align":"text-center","heading_color":"#070707","text_color":"#070707","bg_color":"#ffffff","bg_grad":"","tint_opacity":0}}},"order":["cart-drawer","pop-up"]}